,params,value
0,bs_sigma,0.1849096526276905
1,bach_sigma,0.1824570079445665
2,bs_price,37.70489747924678
3,bach_price,37.70344003148512
4,sabr_price,37.70036874027402
