,params,value
0,bs_sigma,0.1849096526276905
1,bach_sigma,0.1824570079445665
2,bs_price,0.004215400228959317
3,bach_price,0.004130001006070286
4,sabr_price,0.00635098900700971
