,params,value
0,bs_sigma,0.1972176434869465
1,bach_sigma,0.19595819795115538
2,bs_price,25.99425355880793
3,bach_price,25.993319438228074
4,sabr_price,25.992662600328334
