,params,value
0,bs_sigma,0.1972176434869465
1,bach_sigma,0.19595819795115538
2,bs_price,0.004795249179765868
3,bach_price,0.004768426239156239
4,sabr_price,0.0060160979371093985
